titulares,urls
LAVADERO ECOLÓGICO DE COCHES,https://www.milanuncios.com/otras-empleo/lavadero-ecologico-de-coches-421932633.htm
CONDUCTOR TRáILER,https://www.milanuncios.com/transportistas/conductor-trailer-423794006.htm
LOGOPEDA O ESTUDIANTE,https://www.milanuncios.com/profesores-y-formadores/logopeda-o-estudiante-423736884.htm
LOGOPEDA O ESTUDIANTE,https://www.milanuncios.com/profesores-y-formadores/logopeda-o-estudiante-423736538.htm
CONDUCTOR TRAILER,https://www.milanuncios.com/transportistas/conductor-trailer-411111837.htm
SE NECESITA PERSONAL URGE BARRA Y SALA,https://www.milanuncios.com/cocineros-y-camareros/se-necesita-personal-urge-barra-y-sala-297970009.htm
SE NECESITA CAMERERO/A - TURNO DE TARDE,https://www.milanuncios.com/cocineros-y-camareros/se-necesita-camerero-a-turno-de-tarde-422851020.htm
AMPLIAMOS PLAZAS,https://www.milanuncios.com/marketing/ampliamos-plazas-383897186.htm
OFRECEMOS PAGOS EXTRAS / ONLINE,https://www.milanuncios.com/otras-empleo/ofrecemos-pagos-extras-online-423640404.htm
CAMARERA / CAMARERO,https://www.milanuncios.com/cocineros-y-camareros/camarera-camarero-400308400.htm
AYUDANTE DE COCINA,https://www.milanuncios.com/cocineros-y-camareros/ayudante-de-cocina-423499520.htm
SE PRECISA DEPENDIENTA CAMARERA,https://www.milanuncios.com/cocineros-y-camareros/se-precisa-dependienta-camarera-406717048.htm
CONDUCTOR TRAILER - GUADALAJARA,https://www.milanuncios.com/transportistas/conductor-trailer-guadalajara-258416705.htm
VENTAS ONLINE Y OFFLINE,https://www.milanuncios.com/comerciales/ventas-online-y-offline-413669265.htm
BUSCAMOS CHÓFER PARA TRÁILER,https://www.milanuncios.com/transportistas/buscamos-chofer-para-trailer-422302778.htm
ASESOR DE FORMACIóN,https://www.milanuncios.com/comerciales/asesor-de-formacion-406596434.htm
POSIBILIDAD DE GENERAR INGRESO SEMANAL,https://www.milanuncios.com/marketing/posibilidad-de-generar-ingreso-semanal-383828273.htm
CONSIGUE INGRESOS EXTRA,https://www.milanuncios.com/comerciales/consigue-ingresos-extra-423206222.htm
BUSCO CAMARERAS O CAMARERO CON EXPERIEN,https://www.milanuncios.com/cocineros-y-camareros/busco-camareras-o-camarero-con-experien-407781820.htm
TRABAJA ONLINE A MEDIO TIEMPO,https://www.milanuncios.com/otras-empleo/trabaja-online-a-medio-tiempo-399607897.htm
AYUDANTE PUERTAS DE GARAJE,https://www.milanuncios.com/otras-empleo/ayudante-puertas-de-garaje-368251836.htm
ELECTRICISTA,https://www.milanuncios.com/construccion/electricista-315142775.htm
INSTALADOR PUERTAS DE GARAJE,https://www.milanuncios.com/otras-empleo/instalador-puertas-de-garaje-345237303.htm
CORPORACIóN INTERNACIONAL,https://www.milanuncios.com/otras-empleo/corporacion-internacional-413703969.htm
SE NECESITA REPARTIDOR,https://www.milanuncios.com/cocineros-y-camareros/se-necesita-repartidor-413567942.htm
SE NECESITA CAMAREROS,https://www.milanuncios.com/cocineros-y-camareros/se-necesita-camareros-414221347.htm
CAMARERA EXTRA,https://www.milanuncios.com/cocineros-y-camareros/camarera-extra-389220430.htm
CAMARERA,https://www.milanuncios.com/cocineros-y-camareros/camarera-367650120.htm
TRABAJO PARA PINTORES,https://www.milanuncios.com/construccion/trabajo-para-pintores-423587901.htm
MONTADOR PUERTAS INDUSTRIALES,https://www.milanuncios.com/construccion/montador-puertas-industriales-420787495.htm
